{
  "degron_nterm_dark_target": {
    "iptm": 0.3538197875022888,
    "ptm": 0.37971845269203186,
    "plddt": 0.6002210378646851,
    "confidence": 0.5509408116340637,
    "min_ipae": 17.59964370727539,
    "mean_ipae": 28.21718406677246,
    "binder_min_ipae": 28.446313858032227,
    "binder_mean_ipae": 30.143922805786133
  },
  "degron_nterm_lit_target": {
    "iptm": 0.24642877280712128,
    "ptm": 0.291795939207077,
    "plddt": 0.5696503520011902,
    "confidence": 0.5050060153007507,
    "min_ipae": 20.308488845825195,
    "mean_ipae": 29.075700759887695,
    "binder_min_ipae": 29.081005096435547,
    "binder_mean_ipae": 30.484622955322266
  },
  "degron_cterm_dark_target": {
    "iptm": 0.18301723897457123,
    "ptm": 0.33769726753234863,
    "plddt": 0.5770775675773621,
    "confidence": 0.49826550483703613,
    "min_ipae": 23.665008544921875,
    "mean_ipae": 29.512815475463867,
    "binder_min_ipae": 28.93792152404785,
    "binder_mean_ipae": 30.337562561035156
  },
  "degron_cterm_lit_target": {
    "iptm": 0.14278994500637054,
    "ptm": 0.34498360753059387,
    "plddt": 0.6075403690338135,
    "confidence": 0.5145902633666992,
    "min_ipae": 27.600543975830078,
    "mean_ipae": 30.062793731689453,
    "binder_min_ipae": 29.351844787597656,
    "binder_mean_ipae": 30.324798583984375
  },
  "degron_nterm_dark_fold": {
    "iptm": 0.0,
    "ptm": 0.2571559548377991,
    "plddt": 0.6131481528282166,
    "confidence": 0.5419496893882751
  },
  "degron_nterm_lit_fold": {
    "iptm": 0.0,
    "ptm": 0.26472824811935425,
    "plddt": 0.6360750198364258,
    "confidence": 0.5618056654930115
  },
  "degron_cterm_dark_fold": {
    "iptm": 0.0,
    "ptm": 0.22363637387752533,
    "plddt": 0.5441361665725708,
    "confidence": 0.4800362288951874
  },
  "degron_cterm_lit_fold": {
    "iptm": 0.0,
    "ptm": 0.23942901194095612,
    "plddt": 0.5781822204589844,
    "confidence": 0.5104315876960754
  }
}
